{"cameraMode":{"drawMode":0,"name":"Shaded","section":"Shading Mode"},"sceneLighting":false,"audioPlay":false,"sceneViewState":{"showFog":true,"showMaterialUpdate":false,"showSkybox":false,"showFlares":true,"showImageEffects":true,"showParticleSystems":true},"in2DMode":false,"pivot":{"x":-5.531338214874268,"y":-1.2260234355926514,"z":-4.055093288421631},"rotation":{"x":-0.013561009429395199,"y":0.9834628701210022,"z":-0.08311139047145844,"w":-0.16042688488960267},"size":18.544591903686525,"orthographic":false}