{"cameraMode":{"drawMode":0,"name":"Shaded","section":"Shading Mode"},"sceneLighting":true,"audioPlay":false,"sceneViewState":{"showFog":true,"showMaterialUpdate":false,"showSkybox":true,"showFlares":true,"showImageEffects":true,"showParticleSystems":true},"in2DMode":false,"pivot":{"x":445.3278503417969,"y":330.6155090332031,"z":-149.15701293945313},"rotation":{"x":-0.006310038734227419,"y":-0.007773146498948336,"z":0.000011027176697098184,"w":-0.9999876022338867},"size":656.2406005859375,"orthographic":false}