{"cameraMode":{"drawMode":0,"name":"Shaded","section":"Shading Mode"},"sceneLighting":true,"audioPlay":false,"sceneViewState":{"showFog":true,"showMaterialUpdate":false,"showSkybox":true,"showFlares":true,"showImageEffects":true,"showParticleSystems":true},"in2DMode":false,"pivot":{"x":-6760.642578125,"y":373.2871398925781,"z":-1666.6885986328125},"rotation":{"x":-0.007517950609326363,"y":-0.8402168154716492,"z":0.01158418320119381,"w":-0.5421430468559265},"size":54.8874397277832,"orthographic":false}