{"cameraMode":{"drawMode":0,"name":"Shaded","section":"Shading Mode"},"sceneLighting":true,"audioPlay":false,"sceneViewState":{"showFog":true,"showMaterialUpdate":false,"showSkybox":true,"showFlares":true,"showImageEffects":true,"showParticleSystems":true},"in2DMode":false,"pivot":{"x":-8480.09765625,"y":371.910888671875,"z":-1071.9815673828125},"rotation":{"x":-0.062072575092315677,"y":0.8188806772232056,"z":-0.09032024443149567,"w":-0.5634899139404297},"size":40.18158721923828,"orthographic":false}