{"cameraMode":{"drawMode":0,"name":"Shaded","section":"Shading Mode"},"sceneLighting":false,"audioPlay":false,"sceneViewState":{"showFog":true,"showMaterialUpdate":false,"showSkybox":false,"showFlares":true,"showImageEffects":true,"showParticleSystems":true},"in2DMode":false,"pivot":{"x":6.554092884063721,"y":3.5729215145111086,"z":-0.6851150393486023},"rotation":{"x":-0.039144933223724368,"y":0.9119004011154175,"z":-0.08946827799081803,"w":-0.3987276256084442},"size":26.792661666870118,"orthographic":false}