{"cameraMode":{"drawMode":0,"name":"Shaded","section":"Shading Mode"},"sceneLighting":true,"audioPlay":false,"sceneViewState":{"showFog":true,"showMaterialUpdate":false,"showSkybox":true,"showFlares":true,"showImageEffects":true,"showParticleSystems":true},"in2DMode":false,"pivot":{"x":-6421.46533203125,"y":181.57115173339845,"z":-1660.94580078125},"rotation":{"x":0.04279496520757675,"y":-0.8844693899154663,"z":0.45757976174354555,"w":0.08554975688457489},"size":41.64904022216797,"orthographic":false}