{"cameraMode":{"drawMode":0,"name":"Shaded","section":"Shading Mode"},"sceneLighting":false,"audioPlay":false,"sceneViewState":{"showFog":true,"showMaterialUpdate":false,"showSkybox":false,"showFlares":true,"showImageEffects":true,"showParticleSystems":true},"in2DMode":false,"pivot":{"x":-540.5578002929688,"y":34.208091735839847,"z":33.92080307006836},"rotation":{"x":0.044608183205127719,"y":0.7766032218933106,"z":-0.05301906540989876,"w":0.6267237067222595},"size":63.757652282714847,"orthographic":false}