{"cameraMode":{"drawMode":0,"name":"Shaded","section":"Shading Mode"},"sceneLighting":true,"audioPlay":false,"sceneViewState":{"showFog":true,"showMaterialUpdate":false,"showSkybox":true,"showFlares":true,"showImageEffects":true,"showParticleSystems":true},"in2DMode":false,"pivot":{"x":-5740.44189453125,"y":713.3353881835938,"z":-171.62034606933595},"rotation":{"x":-0.068165123462677,"y":0.8867128491401672,"z":-0.1416643112897873,"w":-0.4355732500553131},"size":195.097900390625,"orthographic":false}