{"cameraMode":{"drawMode":0,"name":"Shaded","section":"Shading Mode"},"sceneLighting":true,"audioPlay":false,"sceneViewState":{"showFog":true,"showMaterialUpdate":false,"showSkybox":true,"showFlares":true,"showImageEffects":true,"showParticleSystems":true},"in2DMode":false,"pivot":{"x":-6452.2021484375,"y":204.91339111328126,"z":-1608.7659912109375},"rotation":{"x":-0.03246673569083214,"y":-0.8078394532203674,"z":0.041674673557281497,"w":-0.5876535177230835},"size":42.07464599609375,"orthographic":false}