{"cameraMode":{"drawMode":0,"name":"Shaded","section":"Shading Mode"},"sceneLighting":true,"audioPlay":false,"sceneViewState":{"showFog":true,"showMaterialUpdate":false,"showSkybox":true,"showFlares":true,"showImageEffects":true,"showParticleSystems":true},"in2DMode":false,"pivot":{"x":-3.462876319885254,"y":-8.004792213439942,"z":139.07472229003907},"rotation":{"x":-0.07969240844249726,"y":0.03633049875497818,"z":-0.002792323473840952,"w":-0.9963610768318176},"size":61.377010345458987,"orthographic":false}