{"cameraMode":{"drawMode":0,"name":"Shaded","section":"Shading Mode"},"sceneLighting":true,"audioPlay":false,"sceneViewState":{"showFog":true,"showMaterialUpdate":false,"showSkybox":true,"showFlares":true,"showImageEffects":true,"showParticleSystems":true},"in2DMode":false,"pivot":{"x":-6361.55322265625,"y":516.6423950195313,"z":-1948.4505615234375},"rotation":{"x":0.45128133893013,"y":-0.5073192715644836,"z":0.3587588965892792,"w":0.6419400572776794},"size":41.6490592956543,"orthographic":false}