{"cameraMode":{"drawMode":0,"name":"Shaded","section":"Shading Mode"},"sceneLighting":true,"audioPlay":false,"sceneViewState":{"showFog":true,"showMaterialUpdate":false,"showSkybox":true,"showFlares":true,"showImageEffects":true,"showParticleSystems":true},"in2DMode":false,"pivot":{"x":-6.783333778381348,"y":19.19272804260254,"z":-19.246196746826173},"rotation":{"x":-0.06810034811496735,"y":0.17702873051166535,"z":-0.012732298113405705,"w":-0.9821100234985352},"size":15.366931915283204,"orthographic":false}