{"cameraMode":{"drawMode":0,"name":"Shaded","section":"Shading Mode"},"sceneLighting":true,"audioPlay":false,"sceneViewState":{"showFog":true,"showMaterialUpdate":false,"showSkybox":true,"showFlares":true,"showImageEffects":true,"showParticleSystems":true},"in2DMode":false,"pivot":{"x":-6389.43115234375,"y":147.42172241210938,"z":-2023.086669921875},"rotation":{"x":0.005434692837297916,"y":0.9964432716369629,"z":-0.08713649958372116,"w":0.030488023534417154},"size":425.6621398925781,"orthographic":false}