{"cameraMode":{"drawMode":0,"name":"Shaded","section":"Shading Mode"},"sceneLighting":true,"audioPlay":false,"sceneViewState":{"showFog":true,"showMaterialUpdate":false,"showSkybox":true,"showFlares":true,"showImageEffects":true,"showParticleSystems":true},"in2DMode":false,"pivot":{"x":-6362.86767578125,"y":516.9906616210938,"z":-1950.94580078125},"rotation":{"x":0.409480482339859,"y":-0.5686026215553284,"z":0.39168500900268557,"w":0.5978478193283081},"size":41.6490592956543,"orthographic":false}