{"cameraMode":{"drawMode":0,"name":"Shaded","section":"Shading Mode"},"sceneLighting":false,"audioPlay":false,"sceneViewState":{"showFog":true,"showMaterialUpdate":false,"showSkybox":false,"showFlares":true,"showImageEffects":true,"showParticleSystems":true},"in2DMode":false,"pivot":{"x":0.0,"y":2.097551107406616,"z":0.7466850280761719},"rotation":{"x":0.2661934792995453,"y":-0.0782681554555893,"z":0.022494016215205194,"w":0.9608991146087647},"size":49.038734436035159,"orthographic":false}