{"cameraMode":{"drawMode":0,"name":"Shaded","section":"Shading Mode"},"sceneLighting":false,"audioPlay":false,"sceneViewState":{"showFog":true,"showMaterialUpdate":false,"showSkybox":false,"showFlares":true,"showImageEffects":true,"showParticleSystems":true},"in2DMode":false,"pivot":{"x":-3.6979618072509767,"y":7.699883460998535,"z":-1.5069403648376465},"rotation":{"x":0.022271588444709779,"y":-0.7418474555015564,"z":0.02478332631289959,"w":0.6703492999076843},"size":26.792661666870118,"orthographic":false}