{"cameraMode":{"drawMode":0,"name":"Shaded","section":"Shading Mode"},"sceneLighting":true,"audioPlay":false,"sceneViewState":{"showFog":true,"showMaterialUpdate":false,"showSkybox":true,"showFlares":true,"showImageEffects":true,"showParticleSystems":true},"in2DMode":false,"pivot":{"x":1.3688528537750245,"y":25.63383674621582,"z":-29.89350128173828},"rotation":{"x":-0.07349810749292374,"y":0.07906121015548706,"z":-0.0063330186530947689,"w":-0.9944772124290466},"size":15.366931915283204,"orthographic":false}