{"cameraMode":{"drawMode":0,"name":"Shaded","section":"Shading Mode"},"sceneLighting":false,"audioPlay":false,"sceneViewState":{"showFog":true,"showMaterialUpdate":false,"showSkybox":false,"showFlares":true,"showImageEffects":true,"showParticleSystems":true},"in2DMode":false,"pivot":{"x":0.0,"y":2.097551107406616,"z":0.7466850280761719},"rotation":{"x":0.17381450533866883,"y":-0.4826704263687134,"z":0.09901029616594315,"w":0.8531221151351929},"size":49.03872299194336,"orthographic":false}