{"cameraMode":{"drawMode":0,"name":"Shaded","section":"Shading Mode"},"sceneLighting":true,"audioPlay":false,"sceneViewState":{"showFog":true,"showMaterialUpdate":false,"showSkybox":true,"showFlares":true,"showImageEffects":true,"showParticleSystems":true},"in2DMode":false,"pivot":{"x":-6555.609375,"y":352.916015625,"z":-1570.178466796875},"rotation":{"x":0.02047719806432724,"y":-0.9576203227043152,"z":0.28094494342803957,"w":0.07270614057779312},"size":516.1280517578125,"orthographic":false}