{"cameraMode":{"drawMode":0,"name":"Shaded","section":"Shading Mode"},"sceneLighting":true,"audioPlay":false,"sceneViewState":{"showFog":true,"showMaterialUpdate":false,"showSkybox":true,"showFlares":true,"showImageEffects":true,"showParticleSystems":true},"in2DMode":false,"pivot":{"x":806.711181640625,"y":794.6148071289063,"z":-1718.758544921875},"rotation":{"x":0.11814906448125839,"y":-0.1726388931274414,"z":0.021725261583924295,"w":0.9785618185997009},"size":310.5860595703125,"orthographic":false}