{"cameraMode":{"drawMode":0,"name":"Shaded","section":"Shading Mode"},"sceneLighting":false,"audioPlay":false,"sceneViewState":{"showFog":true,"showMaterialUpdate":false,"showSkybox":false,"showFlares":true,"showImageEffects":true,"showParticleSystems":true},"in2DMode":false,"pivot":{"x":48.0486946105957,"y":6.299405097961426,"z":4.319423198699951},"rotation":{"x":-0.003036861540749669,"y":-0.9582180976867676,"z":0.28731071949005129,"w":-0.008684853091835976},"size":13.397465705871582,"orthographic":false}