{"cameraMode":{"drawMode":0,"name":"Shaded","section":"Shading Mode"},"sceneLighting":true,"audioPlay":false,"sceneViewState":{"showFog":true,"showMaterialUpdate":false,"showSkybox":true,"showFlares":true,"showImageEffects":true,"showParticleSystems":true},"in2DMode":false,"pivot":{"x":-6402.408203125,"y":335.3803405761719,"z":-1692.198974609375},"rotation":{"x":0.0050912881270051,"y":-0.9219933748245239,"z":0.38908323645591738,"w":0.015384632162749768},"size":64.32696533203125,"orthographic":false}