{"cameraMode":{"drawMode":0,"name":"Shaded","section":"Shading Mode"},"sceneLighting":false,"audioPlay":false,"sceneViewState":{"showFog":true,"showMaterialUpdate":false,"showSkybox":false,"showFlares":true,"showImageEffects":true,"showParticleSystems":true},"in2DMode":false,"pivot":{"x":10.960099220275879,"y":-7.481323719024658,"z":-9.918937683105469},"rotation":{"x":0.06442403793334961,"y":-0.9223430752754211,"z":0.1752699464559555,"w":0.3386804163455963},"size":41.653385162353519,"orthographic":false}