{"cameraMode":{"drawMode":0,"name":"Shaded","section":"Shading Mode"},"sceneLighting":false,"audioPlay":false,"sceneViewState":{"showFog":true,"showMaterialUpdate":false,"showSkybox":false,"showFlares":true,"showImageEffects":true,"showParticleSystems":true},"in2DMode":false,"pivot":{"x":-20.574542999267579,"y":-8.421278953552246,"z":-1.2287694215774537},"rotation":{"x":0.16648626327514649,"y":-0.7293708324432373,"z":0.19196337461471559,"w":0.6358115077018738},"size":49.03872299194336,"orthographic":false}