{"cameraMode":{"drawMode":0,"name":"Shaded","section":"Shading Mode"},"sceneLighting":false,"audioPlay":false,"sceneViewState":{"showFog":true,"showMaterialUpdate":false,"showSkybox":false,"showFlares":true,"showImageEffects":true,"showParticleSystems":true},"in2DMode":false,"pivot":{"x":-28.288232803344728,"y":-11.540760040283204,"z":41.54632568359375},"rotation":{"x":0.16782763600349427,"y":-0.6709697246551514,"z":0.1605691760778427,"w":0.7047396302223206},"size":64.3271484375,"orthographic":false}