{"cameraMode":{"drawMode":0,"name":"Shaded","section":"Shading Mode"},"sceneLighting":false,"audioPlay":false,"sceneViewState":{"showFog":true,"showMaterialUpdate":false,"showSkybox":false,"showFlares":true,"showImageEffects":true,"showParticleSystems":true},"in2DMode":false,"pivot":{"x":-2.9000630378723146,"y":-9.12077808380127,"z":105.08444213867188},"rotation":{"x":-0.16307871043682099,"y":0.0005900569958612323,"z":-0.00009670857980381697,"w":-0.9866172075271606},"size":33.354469299316409,"orthographic":false}