{"cameraMode":{"drawMode":0,"name":"Shaded","section":"Shading Mode"},"sceneLighting":true,"audioPlay":false,"sceneViewState":{"showFog":true,"showMaterialUpdate":false,"showSkybox":true,"showFlares":true,"showImageEffects":true,"showParticleSystems":true},"in2DMode":false,"pivot":{"x":-6463.8134765625,"y":222.9754638671875,"z":-1625.9248046875},"rotation":{"x":-0.0006289263837970793,"y":-0.997351348400116,"z":0.07224412262439728,"w":-0.00868583470582962},"size":42.07495880126953,"orthographic":false}