{"cameraMode":{"drawMode":0,"name":"Shaded","section":"Shading Mode"},"sceneLighting":true,"audioPlay":false,"sceneViewState":{"showFog":true,"showMaterialUpdate":false,"showSkybox":true,"showFlares":true,"showImageEffects":true,"showParticleSystems":true},"in2DMode":false,"pivot":{"x":-8860.84375,"y":310.86328125,"z":-606.8213500976563},"rotation":{"x":0.010249652899801731,"y":0.9732010960578919,"z":-0.04412102699279785,"w":0.22555677592754365},"size":42.07495880126953,"orthographic":false}