{"cameraMode":{"drawMode":0,"name":"Shaded","section":"Shading Mode"},"sceneLighting":true,"audioPlay":false,"sceneViewState":{"showFog":true,"showMaterialUpdate":false,"showSkybox":true,"showFlares":true,"showImageEffects":true,"showParticleSystems":true},"in2DMode":false,"pivot":{"x":-6469.734375,"y":233.77487182617188,"z":-1573.025146484375},"rotation":{"x":0.04329420626163483,"y":0.9562249183654785,"z":-0.18767546117305757,"w":0.22042137384414674},"size":42.07495880126953,"orthographic":false}